{
  "mean": [
    -0.3416999062500023,
    0.08283842708333271,
    0.32141693055556647,
    7.123510041666239,
    -11.35888361111276,
    7.338109097221651
  ],
  "scale": [
    0.620904599440138,
    0.7360005925171058,
    0.7560033904250619,
    157.84257659894354,
    141.33476686536744,
    136.4893491004654
  ]
}